wavelength,R sensitivity,G sensitivity,B sensitivity
380,0.00004,0.00001,0.00003
382,0.00007,0.00001,0.00005
384,0.00009,0.00001,0.00007
386,0.00015,0.00002,0.00013